{
  "metadata": {
    "input_file": "tests/sample_input.json",
    "total_runs": 50,
    "successful_runs": 50,
    "timestamp": "2026-03-01T16:36:33.078818"
  },
  "precision": {
    "average_waiting_time": {
      "metric": "average_waiting_time",
      "count": 50,
      "decimal_precision": 0,
      "significant_figures": 1,
      "agreement_percent": 95.54,
      "mean": 91.167303,
      "stdev": 4.512347,
      "min": 84.672943,
      "max": 97.464529,
      "values": [
        84.672943,
        84.672943,
        84.672943,
        84.672943,
        84.672943,
        84.672943,
        93.321663,
        93.321663,
        93.321663,
        93.321663,
        93.321663,
        93.321663,
        93.321663,
        86.897015,
        86.897015,
        86.897015,
        86.897015,
        86.897015,
        86.897015,
        86.897015,
        91.945813,
        91.945813,
        91.945813,
        91.945813,
        91.945813,
        95.520239,
        95.520239,
        95.520239,
        95.520239,
        95.520239,
        95.520239,
        97.464529,
        97.464529,
        97.464529,
        97.464529,
        97.464529,
        97.464529,
        93.852011,
        93.852011,
        93.852011,
        93.852011,
        93.852011,
        93.852011,
        93.852011,
        85.699167,
        85.699167,
        85.699167,
        85.699167,
        85.699167,
        85.699167
      ]
    },
    "average_queue_length": {
      "metric": "average_queue_length",
      "count": 50,
      "decimal_precision": 0,
      "significant_figures": 1,
      "agreement_percent": 97.61,
      "mean": 25.096088,
      "stdev": 0.780576,
      "min": 24.075189,
      "max": 26.509805,
      "values": [
        25.019803,
        25.019803,
        25.019803,
        25.019803,
        25.019803,
        25.019803,
        24.720504,
        24.720504,
        24.720504,
        24.720504,
        24.720504,
        24.720504,
        24.720504,
        24.075189,
        24.075189,
        24.075189,
        24.075189,
        24.075189,
        24.075189,
        24.075189,
        25.011816,
        25.011816,
        25.011816,
        25.011816,
        25.011816,
        25.946632,
        25.946632,
        25.946632,
        25.946632,
        25.946632,
        25.946632,
        25.098974,
        25.098974,
        25.098974,
        25.098974,
        25.098974,
        25.098974,
        26.509805,
        26.509805,
        26.509805,
        26.509805,
        26.509805,
        26.509805,
        26.509805,
        24.369067,
        24.369067,
        24.369067,
        24.369067,
        24.369067,
        24.369067
      ]
    },
    "average_utilization": {
      "metric": "average_utilization",
      "count": 50,
      "decimal_precision": 2,
      "significant_figures": 2,
      "agreement_percent": 99.84,
      "mean": 0.860499,
      "stdev": 0.001725,
      "min": 0.856544,
      "max": 0.862218,
      "values": [
        0.861133,
        0.861133,
        0.861133,
        0.861133,
        0.861133,
        0.861133,
        0.86143,
        0.86143,
        0.86143,
        0.86143,
        0.86143,
        0.86143,
        0.86143,
        0.86143,
        0.86143,
        0.86143,
        0.86143,
        0.86143,
        0.86143,
        0.86143,
        0.859191,
        0.859191,
        0.859191,
        0.859191,
        0.859191,
        0.859801,
        0.859801,
        0.859801,
        0.859801,
        0.859801,
        0.859801,
        0.86143,
        0.86143,
        0.86143,
        0.86143,
        0.86143,
        0.86143,
        0.862218,
        0.862218,
        0.862218,
        0.862218,
        0.862218,
        0.862218,
        0.862218,
        0.856544,
        0.856544,
        0.856544,
        0.856544,
        0.856544,
        0.856544
      ]
    },
    "average_travel_time": {
      "metric": "average_travel_time",
      "count": 50,
      "decimal_precision": 10,
      "significant_figures": 10,
      "agreement_percent": 100.0,
      "mean": 5.0,
      "stdev": 0.0,
      "min": 5.0,
      "max": 5.0,
      "values": [
        5.0,
        5.0,
        5.0,
        5.0,
        5.0,
        5.0,
        5.0,
        5.0,
        5.0,
        5.0,
        5.0,
        5.0,
        5.0,
        5.0,
        5.0,
        5.0,
        5.0,
        5.0,
        5.0,
        5.0,
        5.0,
        5.0,
        5.0,
        5.0,
        5.0,
        5.0,
        5.0,
        5.0,
        5.0,
        5.0,
        5.0,
        5.0,
        5.0,
        5.0,
        5.0,
        5.0,
        5.0,
        5.0,
        5.0,
        5.0,
        5.0,
        5.0,
        5.0,
        5.0,
        5.0,
        5.0,
        5.0,
        5.0,
        5.0,
        5.0
      ]
    },
    "average_travel_distance": {
      "metric": "average_travel_distance",
      "count": 50,
      "decimal_precision": 10,
      "significant_figures": 10,
      "agreement_percent": 100.0,
      "mean": 1559.45,
      "stdev": 0.0,
      "min": 1559.45,
      "max": 1559.45,
      "values": [
        1559.45,
        1559.45,
        1559.45,
        1559.45,
        1559.45,
        1559.45,
        1559.45,
        1559.45,
        1559.45,
        1559.45,
        1559.45,
        1559.45,
        1559.45,
        1559.45,
        1559.45,
        1559.45,
        1559.45,
        1559.45,
        1559.45,
        1559.45,
        1559.45,
        1559.45,
        1559.45,
        1559.45,
        1559.45,
        1559.45,
        1559.45,
        1559.45,
        1559.45,
        1559.45,
        1559.45,
        1559.45,
        1559.45,
        1559.45,
        1559.45,
        1559.45,
        1559.45,
        1559.45,
        1559.45,
        1559.45,
        1559.45,
        1559.45,
        1559.45,
        1559.45,
        1559.45,
        1559.45,
        1559.45,
        1559.45,
        1559.45,
        1559.45
      ]
    }
  }
}