{
  "metadata": {
    "input_file": "tests/sample_input.json",
    "total_runs": 50,
    "successful_runs": 50,
    "timestamp": "2026-03-01T16:03:40.966295"
  },
  "precision": {
    "average_waiting_time": {
      "metric": "average_waiting_time",
      "count": 50,
      "decimal_precision": 0,
      "significant_figures": 1,
      "agreement_percent": 97.36,
      "mean": 92.928724,
      "stdev": 3.251433,
      "min": 87.736115,
      "max": 98.841118,
      "values": [
        87.736115,
        87.736115,
        87.736115,
        87.736115,
        87.736115,
        87.736115,
        87.736115,
        94.404728,
        94.404728,
        94.404728,
        94.404728,
        94.404728,
        94.404728,
        92.688714,
        92.688714,
        92.688714,
        92.688714,
        92.688714,
        92.688714,
        92.688714,
        93.97679,
        93.97679,
        93.97679,
        93.97679,
        93.97679,
        93.97679,
        98.841118,
        98.841118,
        98.841118,
        98.841118,
        98.841118,
        98.841118,
        89.056233,
        89.056233,
        89.056233,
        89.056233,
        89.056233,
        89.056233,
        93.75932,
        93.75932,
        93.75932,
        93.75932,
        93.75932,
        93.75932,
        93.75932,
        93.894789,
        93.894789,
        93.894789,
        93.894789,
        93.894789
      ]
    },
    "average_queue_length": {
      "metric": "average_queue_length",
      "count": 50,
      "decimal_precision": 0,
      "significant_figures": 1,
      "agreement_percent": 97.11,
      "mean": 25.884867,
      "stdev": 0.88228,
      "min": 24.700137,
      "max": 27.005761,
      "values": [
        24.700137,
        24.700137,
        24.700137,
        24.700137,
        24.700137,
        24.700137,
        24.700137,
        25.846604,
        25.846604,
        25.846604,
        25.846604,
        25.846604,
        25.846604,
        25.808185,
        25.808185,
        25.808185,
        25.808185,
        25.808185,
        25.808185,
        25.808185,
        24.798781,
        24.798781,
        24.798781,
        24.798781,
        24.798781,
        24.798781,
        26.955971,
        26.955971,
        26.955971,
        26.955971,
        26.955971,
        26.955971,
        25.361696,
        25.361696,
        25.361696,
        25.361696,
        25.361696,
        25.361696,
        26.839708,
        26.839708,
        26.839708,
        26.839708,
        26.839708,
        26.839708,
        26.839708,
        27.005761,
        27.005761,
        27.005761,
        27.005761,
        27.005761
      ]
    },
    "average_utilization": {
      "metric": "average_utilization",
      "count": 50,
      "decimal_precision": 1,
      "significant_figures": 2,
      "agreement_percent": 99.77,
      "mean": 0.883573,
      "stdev": 0.002928,
      "min": 0.87666,
      "max": 0.887406,
      "values": [
        0.88276,
        0.88276,
        0.88276,
        0.88276,
        0.88276,
        0.88276,
        0.88276,
        0.887406,
        0.887406,
        0.887406,
        0.887406,
        0.887406,
        0.887406,
        0.885247,
        0.885247,
        0.885247,
        0.885247,
        0.885247,
        0.885247,
        0.885247,
        0.87666,
        0.87666,
        0.87666,
        0.87666,
        0.87666,
        0.87666,
        0.883933,
        0.883933,
        0.883933,
        0.883933,
        0.883933,
        0.883933,
        0.88512,
        0.88512,
        0.88512,
        0.88512,
        0.88512,
        0.88512,
        0.883063,
        0.883063,
        0.883063,
        0.883063,
        0.883063,
        0.883063,
        0.883063,
        0.884486,
        0.884486,
        0.884486,
        0.884486,
        0.884486
      ]
    },
    "average_travel_time": {
      "metric": "average_travel_time",
      "count": 50,
      "decimal_precision": 1,
      "significant_figures": 2,
      "agreement_percent": 99.78,
      "mean": 7.116875,
      "stdev": 0.015733,
      "min": 7.1,
      "max": 7.13125,
      "values": [
        7.13125,
        7.13125,
        7.13125,
        7.13125,
        7.13125,
        7.13125,
        7.13125,
        7.1,
        7.1,
        7.1,
        7.1,
        7.1,
        7.1,
        7.13125,
        7.13125,
        7.13125,
        7.13125,
        7.13125,
        7.13125,
        7.13125,
        7.1,
        7.1,
        7.1,
        7.1,
        7.1,
        7.1,
        7.1,
        7.1,
        7.1,
        7.1,
        7.1,
        7.1,
        7.13125,
        7.13125,
        7.13125,
        7.13125,
        7.13125,
        7.13125,
        7.13125,
        7.13125,
        7.13125,
        7.13125,
        7.13125,
        7.13125,
        7.13125,
        7.1,
        7.1,
        7.1,
        7.1,
        7.1
      ]
    },
    "average_travel_distance": {
      "metric": "average_travel_distance",
      "count": 50,
      "decimal_precision": 10,
      "significant_figures": 10,
      "agreement_percent": 100.0,
      "mean": 1559.45,
      "stdev": 0.0,
      "min": 1559.45,
      "max": 1559.45,
      "values": [
        1559.45,
        1559.45,
        1559.45,
        1559.45,
        1559.45,
        1559.45,
        1559.45,
        1559.45,
        1559.45,
        1559.45,
        1559.45,
        1559.45,
        1559.45,
        1559.45,
        1559.45,
        1559.45,
        1559.45,
        1559.45,
        1559.45,
        1559.45,
        1559.45,
        1559.45,
        1559.45,
        1559.45,
        1559.45,
        1559.45,
        1559.45,
        1559.45,
        1559.45,
        1559.45,
        1559.45,
        1559.45,
        1559.45,
        1559.45,
        1559.45,
        1559.45,
        1559.45,
        1559.45,
        1559.45,
        1559.45,
        1559.45,
        1559.45,
        1559.45,
        1559.45,
        1559.45,
        1559.45,
        1559.45,
        1559.45,
        1559.45,
        1559.45
      ]
    }
  }
}